measurement_id,group,x,y
M00001,beta,39.511,78.884
M00002,gamma,21.987,18.059
M00003,gamma,39.099,64.809
M00004,gamma,14.408,1.526
M00005,gamma,88.698,173.198
M00006,gamma,37.313,51.958
M00007,alpha,55.352,93.844
M00008,alpha,57.272,101.002
M00009,beta,53.715,121.355
M00010,gamma,74.143,120.112
M00011,gamma,34.385,37.14
M00012,gamma,14.246,24.664
M00013,alpha,22.079,43.747
M00014,alpha,67.098,113.98
M00015,gamma,85.225,159.972
M00016,gamma,46.127,50.639
M00017,gamma,7.314,-1.142
M00018,alpha,72.559,122.571
M00019,beta,95.154,175.117
M00020,alpha,10.005,32.004
M00021,gamma,6.981,7.377
M00022,beta,61.634,138.92
M00023,beta,69.346,148.757
M00024,beta,95.866,200.253
M00025,alpha,0.483,1.073
M00026,gamma,64.084,113.841
M00027,beta,84.011,179.18
M00028,beta,46.285,112.884
M00029,beta,77.477,148.717
M00030,gamma,60.663,99.664
M00031,beta,85.871,179.082
M00032,beta,73.354,158.538
M00033,gamma,7.646,5.834
M00034,gamma,63.163,104.755
M00035,gamma,57.89,95.201
M00036,alpha,55.159,91.046
M00037,gamma,89.399,133.978
M00038,alpha,36.582,61.535
M00039,alpha,89.144,140.439
M00040,alpha,46.47,71.011
M00041,gamma,9.055,5.15
M00042,alpha,84.798,153.958
M00043,gamma,68.416,113.448
M00044,alpha,17.915,25.654
M00045,gamma,65.941,127.875
M00046,beta,93.918,180.11
M00047,alpha,21.882,35.077
M00048,beta,23.402,57.459
M00049,gamma,20.677,36.724
M00050,beta,91.79,173.998
M00051,alpha,3.99,3.848
M00052,gamma,63.357,99.542
M00053,beta,83.487,164.019
M00054,alpha,37.666,82.792
M00055,beta,36.53,67.743
M00056,gamma,25.159,16.566
M00057,alpha,51.637,78.406
M00058,beta,79.266,176.944
M00059,gamma,0.66,0.719
M00060,alpha,7.709,5.153
M00061,gamma,28.081,44.665
M00062,gamma,71.73,124.801
M00063,alpha,66.111,109.765
M00064,alpha,48.152,92.165
M00065,beta,47.902,86.643
M00066,beta,2.245,9.686
M00067,alpha,12.789,17.621
M00068,gamma,3.919,-6.485
M00069,gamma,14.687,30.053
M00070,gamma,95.824,185.956
M00071,gamma,96.924,148.476
M00072,gamma,66.175,90.367
M00073,beta,94.725,188.92
M00074,beta,86.73,187.144
M00075,alpha,21.936,33.845
M00076,gamma,82.045,141.222
M00077,alpha,62.321,104.923
M00078,gamma,34.267,51.187
M00079,beta,59.653,132.996
M00080,alpha,10.857,24.446
M00081,alpha,52.271,109.434
M00082,alpha,60.551,99.163
M00083,alpha,47.587,83.113
M00084,gamma,50.333,78.364
M00085,alpha,9.319,2.833
M00086,gamma,82.752,117.169
M00087,gamma,64.923,95.429
M00088,alpha,69.764,123.982
M00089,beta,22.949,63.146
M00090,beta,35.052,58.041
M00091,gamma,90.786,161.604
M00092,beta,13.388,25.677
M00093,beta,76.586,157.096
M00094,gamma,87.677,145.13
M00095,beta,25.78,81.192
M00096,alpha,57.799,104.718
M00097,alpha,51.976,87.801
M00098,beta,40.885,94.346
M00099,alpha,15.478,22.539
M00100,gamma,42.356,58.762
M00101,beta,61.188,137.201
M00102,alpha,41.323,73.759
M00103,gamma,48.247,66.378
M00104,beta,98.851,204.048
M00105,gamma,34.436,46.581
M00106,gamma,11.909,-7.382
M00107,alpha,44.659,78.154
M00108,alpha,50.834,84.73
M00109,beta,80.085,145.406
M00110,alpha,16.074,16.962
M00111,gamma,0.529,-3.394
M00112,gamma,43.538,72.011
M00113,alpha,26.309,36.035
M00114,gamma,38.433,71.109
M00115,beta,61.397,106.755
M00116,gamma,5.746,-2.148
M00117,alpha,64.029,107.782
M00118,gamma,93.076,160.55
M00119,gamma,28.601,57.355
M00120,gamma,69.845,119.124
M00121,gamma,16.948,29.154
M00122,alpha,97.565,177.611
M00123,alpha,99.682,181.504
M00124,beta,40.545,76.974
M00125,alpha,51.774,92.822
M00126,alpha,54.959,94.417
M00127,gamma,82.976,148.912
M00128,beta,22.63,50.084
M00129,alpha,45.476,80.903
M00130,alpha,40.713,73.941
M00131,alpha,55.863,89.617
M00132,alpha,80.294,144.311
M00133,beta,87.611,178.765
M00134,gamma,44.277,55.222
M00135,beta,56.317,118.898
M00136,beta,68.159,117.646
M00137,gamma,86.202,135.956
M00138,beta,63.366,130.106
M00139,alpha,67.691,123.158
M00140,beta,51.65,118.34
M00141,alpha,70.082,125.32
M00142,beta,67.37,146.108
M00143,beta,7.603,41.09
M00144,beta,21.857,48.638
M00145,gamma,26.908,55.632
M00146,alpha,49.9,83.886
M00147,alpha,23.486,42.745
M00148,alpha,20.277,45.912
M00149,alpha,83.633,137.655
M00150,alpha,92.019,182.025
M00151,gamma,95.578,160.658
M00152,gamma,95.799,162.502
M00153,beta,37.12,71.569
M00154,gamma,86.877,169.89
M00155,beta,18.287,49.201
M00156,beta,22.209,40.677
M00157,gamma,12.825,0.661
M00158,gamma,3.256,-6.166
M00159,beta,39.372,82.973
M00160,alpha,69.824,118.832
M00161,beta,31.565,89.761
M00162,beta,58.101,120.532
M00163,beta,36.16,85.081
M00164,beta,23.714,51.79
M00165,beta,95.853,183.311
M00166,beta,21.053,59.274
M00167,gamma,75.22,117.363
M00168,beta,17.989,56.483
M00169,alpha,97.927,167.654
M00170,gamma,26.995,18.33
M00171,alpha,55.534,104.872
M00172,gamma,14.955,10.695
M00173,alpha,17.661,-7.71
M00174,gamma,51.701,83.162
M00175,gamma,31.573,37.741
M00176,gamma,4.771,-0.646
M00177,alpha,69.054,144.753
M00178,beta,83.897,174.119
M00179,alpha,44.985,75.213
M00180,gamma,55.749,100.135
M00181,beta,34.414,67.457
M00182,gamma,96.312,169.237
M00183,alpha,57.685,95.052
M00184,beta,35.511,66.855
M00185,gamma,51.044,83.902
M00186,alpha,38.107,55.69
M00187,beta,46.375,121.743
M00188,gamma,80.772,128.882
M00189,beta,42.182,81.623
M00190,alpha,7.911,6.312
M00191,beta,22.822,52.017
M00192,beta,60.538,133.061
M00193,beta,27.125,41.326
M00194,beta,74.79,157.738
M00195,gamma,96.553,157.236
M00196,alpha,12.504,26.443
M00197,alpha,66.202,136.513
M00198,alpha,21.057,31.089
M00199,beta,10.301,56.236
M00200,gamma,5.383,9.306
M00201,beta,52.398,114.936
M00202,gamma,15.527,17.808
M00203,gamma,93.159,151.017
M00204,gamma,28.418,46.68
M00205,gamma,12.641,5.517
M00206,alpha,66.355,118.211
M00207,beta,86.424,146.796
M00208,beta,54.855,118.709
M00209,alpha,96.954,172.096
M00210,gamma,45.654,65.088
M00211,gamma,63.585,91.007
M00212,gamma,53.378,80.364
M00213,beta,48.165,102.441
M00214,beta,36.578,85.985
M00215,beta,15.572,57.605
M00216,alpha,34.388,62.867
M00217,beta,53.51,105.996
M00218,beta,29.961,56.019
M00219,beta,79.796,141.068
M00220,gamma,37.364,44.992
M00221,beta,88.216,165.39
M00222,gamma,73.712,126.185
M00223,beta,82.843,165.013
M00224,gamma,23.956,37.913
M00225,gamma,80.757,131.441
M00226,gamma,53.194,76.743
M00227,beta,41.29,93.932
M00228,beta,11.036,28.803
M00229,beta,61.773,123.869
M00230,alpha,32.064,74.309
M00231,alpha,4.963,1.421
M00232,alpha,28.211,49.102
M00233,alpha,71.52,127.484
M00234,alpha,1.472,-5.997
M00235,alpha,34.191,53.427
M00236,beta,46.368,118.384
M00237,alpha,33.025,75.823
M00238,alpha,26.65,23.39
M00239,beta,7.138,20.146
M00240,beta,81.725,163.567
M00241,alpha,12.196,22.986
M00242,beta,24.716,50.467
M00243,alpha,19.918,35.361
M00244,gamma,98.212,161.473
M00245,beta,38.912,112.364
M00246,alpha,62.916,106.455
M00247,alpha,74.472,128.219
M00248,beta,63.852,128.056
M00249,alpha,36.043,81.722
M00250,alpha,23.597,48.193
M00251,beta,32.451,78.199
M00252,alpha,39.581,79.621
M00253,alpha,0.893,21.873
M00254,beta,68.841,144.388
M00255,alpha,37.14,72.8
M00256,alpha,68.594,127.217
M00257,beta,93.085,199.36
M00258,alpha,35.552,63.674
M00259,alpha,70.133,127.843
M00260,alpha,31.674,51.0
M00261,gamma,78.856,132.854
M00262,beta,73.319,125.277
M00263,alpha,68.925,120.007
M00264,alpha,48.53,92.375
M00265,beta,55.902,102.195
M00266,gamma,18.663,19.899
M00267,beta,32.368,49.603
M00268,gamma,91.447,159.366
M00269,gamma,16.034,6.002
M00270,beta,54.161,109.941
M00271,beta,0.072,7.551
M00272,alpha,88.293,149.994
M00273,gamma,85.683,145.672
M00274,gamma,6.334,-7.345
M00275,gamma,81.905,144.141
M00276,gamma,15.413,34.656
M00277,beta,32.26,69.392
M00278,gamma,65.889,104.105
M00279,alpha,83.519,167.063
M00280,alpha,10.706,37.035
M00281,alpha,9.875,-2.82
M00282,gamma,48.991,68.332
M00283,gamma,70.131,115.808
M00284,gamma,71.785,130.668
M00285,alpha,93.021,171.015
M00286,alpha,46.806,97.739
M00287,gamma,6.07,-25.532
M00288,beta,82.203,152.869
M00289,gamma,5.83,-10.433
M00290,gamma,7.039,-7.202
M00291,beta,7.794,32.118
M00292,alpha,72.517,144.727
M00293,gamma,38.533,65.5
M00294,gamma,62.533,119.002
M00295,alpha,55.842,81.957
M00296,gamma,57.656,86.682
M00297,gamma,45.872,59.953
M00298,alpha,79.246,121.235
M00299,gamma,40.156,58.601
M00300,gamma,44.301,75.746
M00301,beta,90.248,138.715
M00302,beta,41.234,76.615
M00303,gamma,43.059,65.024
M00304,gamma,54.563,71.97
M00305,beta,76.571,161.045
M00306,beta,44.75,91.438
M00307,beta,0.02,24.623
M00308,alpha,51.761,95.291
M00309,beta,0.657,24.488
M00310,beta,2.17,18.089
M00311,gamma,82.234,150.566
M00312,gamma,92.592,149.678
M00313,alpha,9.429,10.196
M00314,beta,36.708,82.797
M00315,gamma,24.986,34.577
M00316,gamma,39.98,72.098
M00317,alpha,73.427,128.65
M00318,alpha,48.828,66.888
M00319,gamma,70.285,118.786
M00320,gamma,30.039,39.202
M00321,gamma,80.834,120.138
M00322,beta,34.793,91.776
M00323,beta,41.652,106.318
M00324,alpha,74.768,116.695
M00325,gamma,92.865,145.844
M00326,alpha,30.478,42.208
M00327,alpha,31.932,47.677
M00328,gamma,22.08,25.509
M00329,alpha,67.364,153.189
M00330,gamma,57.525,93.017
M00331,alpha,22.209,37.004
M00332,alpha,33.617,72.154
M00333,beta,57.144,129.396
M00334,alpha,39.853,75.429
M00335,beta,77.383,158.7
M00336,gamma,19.811,30.379
M00337,beta,65.225,137.921
M00338,gamma,52.425,100.025
M00339,alpha,7.164,14.671
M00340,gamma,8.959,-4.332
M00341,gamma,41.358,59.275
M00342,beta,59.388,127.742
M00343,alpha,76.968,143.951
M00344,beta,62.318,136.903
M00345,beta,4.488,26.405
M00346,beta,15.599,35.792
M00347,gamma,85.276,146.555
M00348,gamma,92.673,159.419
M00349,beta,1.373,15.455
M00350,beta,47.119,94.345
M00351,beta,20.901,44.75
M00352,gamma,75.036,123.148
M00353,gamma,48.303,76.112
M00354,gamma,66.826,103.715
M00355,beta,58.3,118.09
M00356,alpha,6.011,7.757
M00357,alpha,78.919,139.13
M00358,gamma,94.518,157.456
M00359,alpha,38.865,66.825
M00360,gamma,36.022,78.09
M00361,alpha,1.908,15.12
M00362,alpha,97.979,163.505
M00363,gamma,97.661,174.257
M00364,gamma,53.156,91.801
M00365,alpha,19.888,50.856
M00366,gamma,2.149,-9.32
M00367,alpha,92.227,161.298
M00368,gamma,15.701,31.365
M00369,beta,68.431,131.916
M00370,gamma,27.588,47.689
M00371,alpha,62.579,130.893
M00372,alpha,94.414,152.519
M00373,beta,22.558,49.068
M00374,alpha,8.78,25.853
M00375,beta,52.072,98.079
M00376,gamma,22.743,9.024
M00377,alpha,57.29,93.825
M00378,gamma,32.928,53.9
M00379,gamma,13.177,4.615
M00380,gamma,80.011,121.071
M00381,alpha,30.9,51.554
M00382,alpha,43.006,63.37
M00383,alpha,65.623,111.659
M00384,alpha,55.734,97.532
M00385,gamma,11.839,1.135
M00386,gamma,2.948,17.806
M00387,beta,88.013,162.83
M00388,beta,74.561,155.561
M00389,gamma,93.325,154.879
M00390,alpha,13.155,44.301
M00391,alpha,76.245,130.031
M00392,gamma,61.236,94.108
M00393,gamma,23.218,27.451
M00394,gamma,77.983,119.912
M00395,alpha,50.232,75.435
M00396,beta,18.398,36.538
M00397,beta,49.145,108.568
M00398,alpha,40.859,79.527
M00399,alpha,92.544,174.681
M00400,gamma,98.824,165.262
M00401,alpha,6.614,43.257
M00402,gamma,48.994,62.733
M00403,beta,86.677,180.661
M00404,alpha,60.793,101.201
M00405,beta,72.02,122.294
M00406,gamma,59.381,114.408
M00407,gamma,64.139,104.494
M00408,alpha,45.161,78.065
M00409,alpha,87.778,158.401
M00410,gamma,3.925,11.97
M00411,beta,51.613,105.303
M00412,beta,43.955,91.327
M00413,beta,77.368,152.642
M00414,beta,61.313,132.422
M00415,alpha,68.995,135.205
M00416,gamma,45.17,63.686
M00417,gamma,50.066,86.92
M00418,gamma,54.641,102.753
M00419,beta,41.356,82.263
M00420,gamma,89.662,153.68
M00421,alpha,88.255,167.82
M00422,gamma,90.716,158.99
M00423,alpha,71.837,133.523
M00424,beta,63.407,133.272
M00425,alpha,52.382,78.44
M00426,gamma,61.207,114.307
M00427,alpha,37.868,53.15
M00428,beta,56.549,130.778
M00429,gamma,86.267,148.799
M00430,gamma,5.131,4.946
M00431,beta,30.952,72.237
M00432,gamma,18.07,9.568
M00433,alpha,96.043,193.307
M00434,alpha,45.864,83.009
M00435,beta,54.35,137.657
M00436,alpha,21.687,39.934
M00437,gamma,47.571,71.504
M00438,gamma,0.657,-6.206
M00439,gamma,27.811,24.706
M00440,alpha,4.892,-7.266
M00441,alpha,5.506,5.991
M00442,alpha,66.7,125.526
M00443,gamma,29.844,47.058
M00444,beta,99.374,192.048
M00445,alpha,67.209,106.876
M00446,gamma,57.228,81.182
M00447,gamma,17.742,6.769
M00448,alpha,9.313,21.135
M00449,beta,32.282,90.889
M00450,beta,84.331,153.45
M00451,alpha,29.283,64.972
M00452,beta,32.921,88.087
M00453,beta,52.465,103.924
M00454,alpha,57.137,87.28
M00455,gamma,52.895,101.62
M00456,gamma,93.389,168.18
M00457,gamma,28.719,33.58
M00458,gamma,57.514,86.911
M00459,gamma,35.385,64.278
M00460,gamma,72.918,132.483
M00461,beta,49.25,110.665
M00462,gamma,29.049,57.172
M00463,alpha,0.158,16.911
M00464,alpha,73.747,135.27
M00465,alpha,79.956,156.328
M00466,beta,34.965,77.858
M00467,gamma,21.234,16.569
M00468,beta,79.02,143.039
M00469,beta,30.028,49.569
M00470,alpha,68.584,117.122
M00471,beta,39.605,58.64
M00472,alpha,19.402,22.141
M00473,beta,92.228,167.515
M00474,alpha,64.565,117.999
M00475,beta,15.539,19.677
M00476,beta,46.247,104.129
M00477,beta,92.779,195.671
M00478,gamma,72.496,125.513
M00479,beta,55.518,130.574
M00480,beta,79.954,160.765
M00481,beta,6.621,40.52
M00482,beta,98.362,210.602
M00483,gamma,53.427,94.416
M00484,alpha,59.519,121.276
M00485,beta,70.527,140.749
M00486,beta,8.68,33.42
M00487,alpha,37.158,71.762
M00488,gamma,30.232,35.473
M00489,alpha,37.422,75.202
M00490,alpha,44.377,81.756
M00491,alpha,79.903,149.566
M00492,beta,92.364,177.352
M00493,gamma,87.388,143.342
M00494,alpha,82.214,157.912
M00495,gamma,67.672,124.759
M00496,beta,38.759,99.037
M00497,gamma,11.584,9.505
M00498,gamma,87.188,150.278
M00499,beta,46.688,112.982
M00500,gamma,74.555,128.359
M00501,alpha,57.756,94.322
M00502,beta,20.056,74.519
M00503,beta,27.665,59.348
M00504,alpha,27.265,60.819
M00505,alpha,27.364,65.938
M00506,gamma,10.238,10.033
M00507,gamma,35.032,50.292
M00508,gamma,80.4,140.746
M00509,gamma,24.483,48.981
M00510,beta,54.058,119.464
M00511,alpha,13.007,5.712
M00512,alpha,38.36,72.34
M00513,alpha,42.647,83.738
M00514,gamma,62.947,117.881
M00515,gamma,69.937,108.152
M00516,alpha,71.29,121.389
M00517,gamma,80.93,159.592
M00518,beta,56.779,130.068
M00519,alpha,81.285,158.119
M00520,beta,31.039,64.35
M00521,gamma,71.022,109.332
M00522,alpha,14.372,27.749
M00523,gamma,25.805,31.454
M00524,gamma,33.033,55.237
M00525,beta,45.328,109.974
M00526,beta,47.865,103.733
M00527,alpha,28.226,41.695
M00528,gamma,10.293,21.302
M00529,gamma,79.676,125.444
M00530,beta,53.275,126.333
M00531,beta,59.054,121.94
M00532,alpha,97.389,184.246
M00533,beta,6.606,31.682
M00534,beta,78.431,174.012
M00535,beta,56.721,106.986
M00536,alpha,66.261,134.727
M00537,alpha,73.937,127.671
M00538,alpha,59.216,84.393
M00539,beta,32.538,84.219
M00540,beta,95.588,194.559
M00541,alpha,59.826,101.314
M00542,beta,32.741,59.078
M00543,gamma,66.016,127.463
M00544,gamma,90.326,164.5
M00545,gamma,80.984,136.556
M00546,beta,53.126,92.996
M00547,beta,61.557,118.104
M00548,beta,29.974,71.607
M00549,gamma,30.455,56.833
M00550,beta,99.029,188.784
M00551,gamma,0.812,3.629
M00552,alpha,85.251,152.411
M00553,alpha,36.922,62.68
M00554,gamma,56.003,89.607
M00555,beta,10.97,34.139
M00556,beta,70.222,144.359
M00557,beta,62.521,124.624
M00558,beta,54.512,101.225
M00559,gamma,17.341,31.022
M00560,beta,83.996,177.909
M00561,alpha,28.847,56.257
M00562,alpha,7.175,8.458
M00563,alpha,14.4,39.096
M00564,alpha,8.466,3.606
M00565,gamma,80.594,151.279
M00566,gamma,60.443,79.241
M00567,beta,62.325,115.092
M00568,beta,38.471,87.811
M00569,alpha,18.579,20.962
M00570,gamma,23.675,22.988
M00571,gamma,26.925,52.548
M00572,alpha,97.823,169.079
M00573,gamma,48.327,66.268
M00574,gamma,8.006,16.034
M00575,gamma,73.129,155.873
M00576,beta,46.494,95.144
M00577,alpha,52.336,87.272
M00578,gamma,74.169,117.763
M00579,gamma,7.808,-10.274
M00580,beta,61.304,109.363
M00581,beta,53.503,124.477
M00582,beta,57.397,119.208
M00583,beta,42.102,111.599
M00584,beta,16.751,39.888
M00585,gamma,92.286,156.045
M00586,gamma,26.044,17.543
M00587,gamma,47.316,77.071
M00588,beta,80.89,164.015
M00589,gamma,2.73,-11.307
M00590,alpha,85.145,153.859
M00591,beta,25.205,53.179
M00592,beta,1.42,11.153
M00593,alpha,60.382,125.302
M00594,gamma,44.665,59.872
M00595,alpha,26.125,42.818
M00596,gamma,86.201,131.995
M00597,beta,98.407,207.94
M00598,alpha,83.761,147.48
M00599,beta,77.037,154.645
M00600,gamma,16.728,32.999
M00601,gamma,73.436,112.507
M00602,alpha,5.252,23.68
M00603,beta,39.874,80.471
M00604,gamma,23.366,50.904
M00605,gamma,70.561,110.375
M00606,beta,1.186,18.203
M00607,beta,38.2,77.843
M00608,alpha,9.736,31.037
M00609,gamma,63.742,117.014
M00610,gamma,85.836,141.036
M00611,beta,27.033,66.634
M00612,gamma,39.115,51.686
M00613,gamma,74.909,123.262
M00614,alpha,51.995,77.672
M00615,gamma,69.028,120.693
M00616,gamma,0.848,5.199
M00617,alpha,1.196,6.748
M00618,beta,35.152,81.512
M00619,gamma,28.33,41.914
M00620,alpha,5.688,12.7
M00621,gamma,65.661,123.239
M00622,gamma,12.179,-13.358
M00623,alpha,8.639,6.328
M00624,gamma,56.607,84.768
M00625,alpha,89.6,158.208
M00626,beta,66.048,125.243
M00627,alpha,63.878,123.516
M00628,beta,69.222,135.093
M00629,gamma,76.988,125.404
M00630,alpha,27.729,56.3
M00631,alpha,38.28,66.808
M00632,beta,17.793,50.694
M00633,alpha,49.172,103.353
M00634,alpha,64.548,109.04
M00635,alpha,14.387,26.884
M00636,gamma,10.625,0.759
M00637,beta,71.54,147.492
M00638,gamma,72.755,123.781
M00639,beta,1.876,0.922
M00640,alpha,93.289,168.172
M00641,gamma,39.048,66.509
M00642,beta,57.464,127.184
M00643,gamma,70.761,119.17
M00644,beta,84.405,153.362
M00645,alpha,54.013,127.012
M00646,beta,12.12,37.435
M00647,gamma,93.504,146.826
M00648,beta,5.519,39.006
M00649,gamma,9.067,-23.517
M00650,alpha,84.118,144.816
M00651,beta,64.779,133.115
M00652,beta,66.073,136.976
M00653,beta,69.588,153.735
M00654,beta,48.65,92.313
M00655,gamma,43.798,70.038
M00656,alpha,71.974,132.558
M00657,gamma,23.849,16.63
M00658,gamma,30.773,59.089
M00659,gamma,96.495,175.532
M00660,alpha,3.704,-22.29
M00661,alpha,33.772,58.573
M00662,alpha,80.71,133.242
M00663,gamma,52.312,106.713
M00664,gamma,14.895,7.897
M00665,gamma,23.299,49.537
M00666,beta,65.383,141.247
M00667,beta,90.718,171.708
M00668,gamma,13.054,7.439
M00669,alpha,63.266,132.254
M00670,alpha,45.618,69.567
M00671,alpha,83.535,170.732
M00672,alpha,49.714,98.142
M00673,gamma,22.057,33.946
M00674,gamma,67.84,100.197
M00675,beta,12.08,30.677
M00676,beta,83.643,151.754
M00677,alpha,76.423,128.515
M00678,alpha,27.389,43.31
M00679,beta,16.805,40.318
M00680,alpha,92.568,171.878
M00681,alpha,13.337,28.336
M00682,beta,77.766,138.568
M00683,alpha,87.963,159.597
M00684,alpha,70.674,127.915
M00685,gamma,88.692,130.814
M00686,beta,69.236,150.568
M00687,alpha,14.309,24.033
M00688,alpha,93.809,181.873
M00689,gamma,69.167,98.813
M00690,gamma,95.03,150.208
M00691,gamma,82.648,134.814
M00692,gamma,23.564,44.275
M00693,alpha,98.66,194.08
M00694,gamma,50.754,78.935
M00695,beta,77.033,148.453
M00696,alpha,11.268,12.154
M00697,alpha,68.524,136.689
M00698,alpha,15.976,26.087
M00699,alpha,5.403,4.314
M00700,beta,33.429,81.373
M00701,beta,4.332,21.155
M00702,alpha,15.805,1.195
M00703,alpha,48.506,106.312
M00704,gamma,44.482,87.046
M00705,gamma,32.597,54.383
M00706,beta,23.006,73.521
M00707,alpha,32.613,74.726
M00708,alpha,37.553,78.942
M00709,alpha,7.353,9.784
M00710,beta,14.494,39.045
M00711,gamma,45.499,66.961
M00712,gamma,19.415,29.173
M00713,beta,97.556,192.452
M00714,gamma,56.867,98.34
M00715,beta,13.65,47.495
M00716,alpha,76.034,126.189
M00717,alpha,88.641,142.703
M00718,gamma,95.276,148.656
M00719,alpha,57.812,95.864
M00720,beta,85.697,166.433
M00721,beta,86.22,173.041
M00722,beta,27.917,78.542
M00723,gamma,42.811,73.366
M00724,beta,57.947,112.805
M00725,gamma,94.625,182.304
M00726,beta,98.018,178.201
M00727,alpha,99.127,176.955
M00728,beta,53.112,96.463
M00729,beta,80.972,158.957
M00730,beta,24.051,53.145
M00731,gamma,75.308,121.268
M00732,alpha,13.271,12.401
M00733,beta,23.906,60.181
M00734,gamma,30.484,44.857
M00735,gamma,45.928,58.313
M00736,beta,46.376,91.679
M00737,alpha,87.42,139.798
M00738,beta,62.681,139.7
M00739,gamma,63.34,106.95
M00740,gamma,33.291,46.39
M00741,alpha,29.659,53.723
M00742,gamma,54.244,69.071
M00743,alpha,78.769,163.403
M00744,gamma,93.224,169.858
M00745,gamma,94.532,148.71
M00746,alpha,38.295,46.584
M00747,beta,61.913,121.497
M00748,gamma,70.487,122.447
M00749,gamma,70.934,127.181
M00750,alpha,53.963,129.614
M00751,gamma,47.849,90.796
M00752,gamma,20.979,21.864
M00753,gamma,76.089,115.977
M00754,gamma,68.023,135.606
M00755,beta,5.446,15.619
M00756,gamma,52.668,94.242
M00757,alpha,47.016,62.659
M00758,beta,45.198,91.892
M00759,beta,79.99,179.537
M00760,alpha,18.835,26.556
M00761,beta,8.731,24.891
M00762,alpha,10.936,24.461
M00763,beta,11.202,39.263
M00764,alpha,52.069,99.217
M00765,gamma,2.269,-21.648
M00766,alpha,47.39,94.402
M00767,beta,44.386,88.773
M00768,alpha,2.204,-3.893
M00769,alpha,83.495,139.516
M00770,gamma,34.279,50.367
M00771,gamma,78.682,113.927
M00772,gamma,84.191,143.088
M00773,beta,45.801,74.042
M00774,beta,17.174,35.392
M00775,beta,22.678,48.962
M00776,alpha,14.834,33.832
M00777,beta,45.593,110.738
M00778,gamma,53.532,109.933
M00779,alpha,97.321,184.992
M00780,gamma,79.446,117.394
M00781,alpha,23.791,52.947
M00782,alpha,44.089,82.038
M00783,beta,18.45,45.264
M00784,beta,97.802,189.824
M00785,alpha,37.291,60.198
M00786,beta,12.149,35.096
M00787,alpha,40.456,66.094
M00788,beta,92.781,182.03
M00789,alpha,0.429,-1.59
M00790,beta,64.724,98.887
M00791,beta,47.391,93.169
M00792,gamma,66.689,137.956
M00793,gamma,72.854,130.775
M00794,alpha,73.164,126.576
M00795,alpha,13.942,15.32
M00796,beta,61.752,122.912
M00797,alpha,44.597,83.65
M00798,gamma,19.515,27.343
M00799,gamma,22.214,38.889
M00800,alpha,8.359,11.237
M00801,beta,67.706,168.462
M00802,beta,19.445,41.385
M00803,beta,60.317,119.506
M00804,gamma,36.106,54.695
M00805,alpha,71.596,118.223
M00806,alpha,28.465,56.443
M00807,beta,30.809,55.949
M00808,alpha,72.785,136.177
M00809,beta,74.153,137.284
M00810,alpha,80.567,151.581
M00811,beta,72.861,126.584
M00812,gamma,8.608,17.2
M00813,alpha,30.323,69.191
M00814,beta,6.612,25.833
M00815,gamma,75.611,136.563
M00816,beta,41.451,96.11
M00817,gamma,46.212,48.934
M00818,alpha,18.601,22.457
M00819,beta,28.946,44.818
M00820,beta,83.459,166.546
M00821,beta,49.41,103.393
M00822,alpha,15.402,19.183
M00823,beta,95.603,193.939
M00824,gamma,66.591,98.148
M00825,beta,41.716,71.801
M00826,alpha,2.844,6.052
M00827,beta,49.305,119.694
M00828,beta,58.107,116.616
M00829,gamma,43.607,67.585
M00830,gamma,81.828,155.531
M00831,beta,51.253,86.617
M00832,alpha,58.165,94.138
M00833,alpha,31.968,62.216
M00834,alpha,5.289,5.038
M00835,beta,41.951,100.096
M00836,beta,29.166,61.593
M00837,gamma,93.632,138.149
M00838,alpha,76.469,135.863
M00839,gamma,75.263,102.034
M00840,gamma,79.988,127.374
M00841,beta,68.544,136.344
M00842,gamma,35.163,48.306
M00843,alpha,1.29,-9.198
M00844,beta,41.199,87.837
M00845,alpha,10.242,23.224
M00846,alpha,79.511,150.123
M00847,gamma,61.343,107.592
M00848,gamma,71.255,105.479
M00849,gamma,75.631,136.193
M00850,alpha,11.657,29.734
M00851,alpha,92.341,155.93
M00852,beta,13.901,41.353
M00853,beta,88.973,158.488
M00854,beta,17.221,34.264
M00855,beta,2.876,23.536
M00856,gamma,14.236,7.805
M00857,alpha,30.743,63.778
M00858,beta,69.082,172.087
M00859,alpha,7.774,17.114
M00860,alpha,19.635,15.391
M00861,alpha,79.306,138.571
M00862,alpha,90.853,163.181
M00863,alpha,6.625,1.969
M00864,alpha,92.01,148.142
M00865,alpha,58.76,111.292
M00866,alpha,9.078,33.349
M00867,gamma,94.184,170.057
M00868,alpha,85.514,150.417
M00869,gamma,61.296,95.82
M00870,gamma,76.324,127.244
M00871,gamma,21.7,32.566
M00872,gamma,0.433,-0.107
M00873,gamma,9.869,10.951
M00874,gamma,47.472,89.302
M00875,gamma,58.938,68.045
M00876,alpha,83.474,161.425
M00877,beta,42.409,79.106
M00878,beta,12.362,36.154
M00879,alpha,51.973,82.193
M00880,beta,55.713,115.582
M00881,alpha,8.225,2.986
M00882,beta,60.039,123.537
M00883,beta,68.705,143.32
M00884,beta,29.059,60.088
M00885,beta,18.878,69.829
M00886,beta,93.908,193.783
M00887,beta,17.93,61.233
M00888,alpha,39.637,71.235
M00889,gamma,65.855,114.285
M00890,beta,69.504,143.506
M00891,alpha,74.143,139.149
M00892,beta,97.521,185.974
M00893,beta,20.026,57.85
M00894,alpha,83.811,140.716
M00895,gamma,49.911,81.741
M00896,gamma,27.297,18.772
M00897,gamma,94.323,148.782
M00898,beta,98.752,206.733
M00899,gamma,27.889,40.848
M00900,beta,48.934,97.38
M00901,alpha,62.837,116.752
M00902,alpha,83.031,153.57
M00903,beta,67.811,148.664
M00904,gamma,32.696,46.795
M00905,beta,62.197,130.892
M00906,gamma,76.757,130.887
M00907,beta,20.193,44.038
M00908,beta,54.244,100.78
M00909,gamma,54.662,91.299
M00910,beta,88.013,172.531
M00911,alpha,38.363,64.452
M00912,beta,3.598,32.191
M00913,alpha,55.667,106.718
M00914,gamma,16.414,11.703
M00915,beta,13.449,36.243
M00916,alpha,56.886,88.841
M00917,beta,66.008,127.638
M00918,beta,56.226,101.84
M00919,alpha,50.669,80.324
M00920,beta,61.694,134.892
M00921,beta,76.647,152.047
M00922,gamma,4.512,2.295
M00923,beta,34.888,77.659
M00924,gamma,34.126,48.628
M00925,alpha,42.815,89.417
M00926,alpha,66.124,118.398
M00927,alpha,23.462,40.308
M00928,gamma,6.55,6.466
M00929,beta,11.447,42.811
M00930,alpha,46.091,96.03
M00931,beta,56.805,124.943
M00932,gamma,46.97,69.059
M00933,alpha,98.576,168.852
M00934,gamma,9.773,15.886
M00935,beta,10.006,28.088
M00936,gamma,81.146,126.384
M00937,gamma,33.954,42.555
M00938,beta,20.176,43.785
M00939,gamma,84.733,147.837
M00940,gamma,21.408,6.169
M00941,beta,4.753,35.721
M00942,alpha,62.457,112.134
M00943,alpha,71.771,115.023
M00944,beta,6.727,19.529
M00945,gamma,47.527,80.901
M00946,gamma,82.374,158.978
M00947,gamma,80.413,121.099
M00948,alpha,41.431,80.694
M00949,beta,62.496,107.991
M00950,alpha,88.09,164.464
M00951,gamma,70.333,126.836
M00952,alpha,66.081,106.992
M00953,gamma,93.81,156.934
M00954,gamma,85.277,160.495
M00955,beta,93.464,182.618
M00956,alpha,36.427,61.397
M00957,alpha,24.037,42.809
M00958,beta,41.026,68.414
M00959,alpha,63.393,119.47
M00960,beta,64.604,123.498
M00961,beta,68.685,139.404
M00962,alpha,19.192,43.37
M00963,alpha,79.704,138.332
M00964,beta,42.202,103.807
M00965,alpha,20.199,35.943
M00966,beta,65.867,136.449
M00967,alpha,64.429,134.514
M00968,alpha,5.533,14.998
M00969,alpha,31.39,55.211
M00970,beta,89.677,180.572
M00971,gamma,65.743,132.572
M00972,gamma,84.275,157.14
M00973,alpha,11.193,17.431
M00974,gamma,66.422,81.796
M00975,gamma,94.967,169.249
M00976,alpha,23.808,39.044
M00977,alpha,77.319,130.376
M00978,gamma,38.995,81.093
M00979,gamma,74.396,131.647
M00980,alpha,17.515,28.209
M00981,beta,43.948,93.673
M00982,beta,53.347,127.032
M00983,gamma,94.871,155.656
M00984,gamma,24.635,45.86
M00985,beta,87.943,183.812
M00986,gamma,36.774,51.797
M00987,beta,2.107,34.812
M00988,gamma,66.222,105.809
M00989,alpha,69.068,126.467
M00990,gamma,38.469,50.624
M00991,gamma,95.848,148.235
M00992,alpha,53.491,112.941
M00993,alpha,85.765,134.258
M00994,beta,92.751,198.924
M00995,beta,30.089,87.742
M00996,beta,21.039,45.012
M00997,alpha,91.589,148.116
M00998,gamma,40.629,44.994
M00999,alpha,27.404,67.606
M01000,beta,47.109,109.859
M01001,beta,92.65,175.526
M01002,alpha,82.44,159.304
M01003,gamma,26.097,48.442
M01004,gamma,81.343,141.497
M01005,gamma,32.677,41.957
M01006,gamma,64.159,86.347
M01007,gamma,44.34,69.217
M01008,alpha,62.83,112.364
M01009,beta,57.581,125.623
M01010,gamma,96.966,170.372
M01011,gamma,76.316,137.817
M01012,beta,45.149,81.294
M01013,gamma,13.351,21.473
M01014,beta,79.953,173.182
M01015,alpha,8.44,7.11
M01016,beta,94.476,193.928
M01017,gamma,22.449,56.158
M01018,gamma,61.2,91.454
M01019,alpha,90.684,171.104
M01020,gamma,85.183,142.038
M01021,alpha,40.103,63.784
M01022,alpha,95.803,176.47
M01023,alpha,94.724,184.649
M01024,beta,77.336,167.052
M01025,beta,82.726,155.356
M01026,alpha,19.054,34.612
M01027,beta,28.796,60.499
M01028,alpha,60.008,108.247
M01029,beta,72.671,148.622
M01030,alpha,2.877,12.205
M01031,beta,23.549,48.748
M01032,gamma,68.427,115.917
M01033,beta,8.574,6.59
M01034,gamma,39.755,66.281
M01035,alpha,71.334,123.346
M01036,beta,7.306,9.227
M01037,gamma,5.875,-3.793
M01038,beta,99.674,202.03
M01039,gamma,96.721,147.844
M01040,alpha,0.536,-10.57
M01041,gamma,61.966,97.643
M01042,beta,13.224,50.179
M01043,gamma,4.112,0.545
M01044,beta,93.033,189.072
M01045,beta,13.192,32.689
M01046,alpha,26.041,60.328
M01047,beta,4.416,39.831
M01048,beta,74.782,167.11
M01049,beta,28.293,77.76
M01050,beta,51.697,96.507
M01051,beta,89.267,160.168
M01052,alpha,55.567,135.535
M01053,gamma,63.665,97.377
M01054,alpha,22.986,44.234
M01055,alpha,47.025,91.604
M01056,alpha,99.52,190.663
M01057,beta,4.079,10.644
M01058,beta,45.776,112.185
M01059,alpha,84.584,156.383
M01060,alpha,20.373,32.095
M01061,beta,18.065,54.544
M01062,beta,56.325,128.848
M01063,gamma,58.568,67.705
M01064,gamma,76.685,111.98
M01065,alpha,41.642,93.131
M01066,gamma,9.431,16.502
M01067,beta,2.596,12.089
M01068,beta,37.356,65.772
M01069,alpha,83.698,153.461
M01070,gamma,65.954,112.777
M01071,beta,62.836,125.976
M01072,beta,96.977,207.008
M01073,gamma,62.236,74.155
M01074,gamma,90.688,161.697
M01075,gamma,12.932,27.374
M01076,beta,32.317,56.829
M01077,alpha,74.38,118.298
M01078,alpha,39.886,67.037
M01079,alpha,24.008,44.798
M01080,alpha,85.235,141.419
M01081,alpha,38.85,55.765
M01082,gamma,15.413,27.712
M01083,beta,49.085,83.543
M01084,beta,90.373,186.637
M01085,gamma,13.129,2.157
M01086,gamma,19.987,6.428
M01087,beta,88.541,159.101
M01088,beta,9.022,33.517
M01089,beta,81.099,151.313
M01090,beta,9.295,23.331
M01091,gamma,34.174,43.186
M01092,gamma,71.364,120.398
M01093,beta,52.728,106.886
M01094,beta,43.736,89.711
M01095,beta,30.039,87.203
M01096,beta,84.154,164.67
M01097,gamma,42.773,53.192
M01098,alpha,51.341,86.075
M01099,gamma,42.491,81.111
M01100,gamma,81.282,146.179
M01101,beta,25.486,73.241
M01102,alpha,74.052,140.272
M01103,beta,17.955,52.273
M01104,alpha,41.625,85.844
M01105,gamma,29.765,32.291
M01106,gamma,44.995,64.103
M01107,beta,34.133,95.478
M01108,alpha,18.509,22.554
M01109,gamma,98.219,165.744
M01110,beta,53.438,129.11
M01111,alpha,39.493,88.552
M01112,beta,69.181,140.989
M01113,gamma,96.58,152.729
M01114,gamma,81.313,128.085
M01115,gamma,36.073,46.467
M01116,beta,80.464,143.528
M01117,alpha,12.509,28.34
M01118,alpha,69.603,125.794
M01119,alpha,85.901,159.019
M01120,gamma,24.178,50.31
M01121,gamma,85.819,139.531
M01122,beta,14.817,40.448
M01123,beta,2.182,22.399
M01124,gamma,44.527,76.113
M01125,beta,47.149,110.0
M01126,alpha,29.483,40.79
M01127,beta,5.092,41.076
M01128,gamma,43.179,68.56
M01129,beta,84.862,166.442
M01130,gamma,99.903,153.726
M01131,alpha,48.75,71.764
M01132,gamma,93.528,159.75
M01133,beta,23.191,58.926
M01134,gamma,31.585,47.728
M01135,alpha,26.785,33.203
M01136,alpha,49.479,68.86
M01137,gamma,34.676,51.62
M01138,beta,72.621,143.39
M01139,beta,34.385,77.841
M01140,gamma,33.915,59.446
M01141,gamma,85.345,140.694
M01142,beta,72.3,131.97
M01143,beta,95.98,196.712
M01144,gamma,36.026,39.292
M01145,beta,79.976,168.323
M01146,beta,69.07,125.457
M01147,alpha,66.706,125.584
M01148,gamma,49.219,84.398
M01149,beta,94.305,175.978
M01150,gamma,4.705,-1.185
M01151,alpha,35.879,63.358
M01152,alpha,82.795,167.028
M01153,gamma,3.197,7.485
M01154,gamma,22.669,35.764
M01155,gamma,22.41,29.8
M01156,beta,76.937,164.419
M01157,gamma,26.749,48.835
M01158,gamma,60.429,113.713
M01159,alpha,70.64,138.687
M01160,beta,96.265,182.548
M01161,alpha,97.466,178.691
M01162,alpha,82.361,132.114
M01163,alpha,50.731,94.311
M01164,alpha,91.099,169.195
M01165,alpha,72.835,125.82
M01166,beta,73.255,127.226
M01167,alpha,15.43,13.23
M01168,alpha,84.86,169.511
M01169,beta,96.964,189.701
M01170,beta,34.132,75.068
M01171,gamma,17.126,18.916
M01172,beta,36.064,98.838
M01173,gamma,24.545,34.478
M01174,alpha,13.799,10.102
M01175,beta,41.341,78.218
M01176,gamma,79.461,140.203
M01177,beta,94.374,165.62
M01178,gamma,80.625,142.389
M01179,alpha,8.478,1.795
M01180,alpha,43.407,109.355
M01181,beta,75.919,142.461
M01182,gamma,5.781,-14.116
M01183,gamma,98.005,173.847
M01184,beta,41.931,67.121
M01185,gamma,70.079,129.586
M01186,beta,90.923,164.969
M01187,alpha,82.7,162.203
M01188,alpha,70.03,116.387
M01189,beta,64.388,143.673
M01190,gamma,65.204,96.468
M01191,gamma,34.525,58.72
M01192,alpha,88.097,142.509
M01193,alpha,3.697,-3.109
M01194,gamma,87.988,165.009
M01195,gamma,99.192,167.425
M01196,gamma,31.225,51.382
M01197,beta,75.705,152.798
M01198,gamma,59.25,99.06
M01199,alpha,83.223,145.619
M01200,gamma,11.044,21.743
M01201,alpha,84.158,150.609
M01202,alpha,4.773,22.847
M01203,gamma,94.134,144.603
M01204,alpha,45.315,86.519
M01205,alpha,80.539,160.429
M01206,gamma,66.552,108.723
M01207,gamma,23.384,26.678
M01208,gamma,57.277,110.049
M01209,alpha,71.435,119.6
M01210,beta,51.645,106.845
M01211,alpha,82.284,144.604
M01212,gamma,42.569,70.796
M01213,beta,8.195,52.992
M01214,beta,21.478,63.235
M01215,alpha,36.929,50.703
M01216,gamma,77.882,127.562
M01217,beta,58.43,93.757
M01218,gamma,93.104,127.063
M01219,beta,73.172,140.508
M01220,gamma,12.712,16.449
M01221,gamma,45.771,86.497
M01222,gamma,11.806,8.378
M01223,alpha,45.543,88.84
M01224,gamma,36.933,57.905
M01225,alpha,60.16,103.174
M01226,gamma,28.959,45.434
M01227,gamma,15.33,-7.872
M01228,beta,29.398,94.539
M01229,alpha,79.12,152.458
M01230,alpha,93.682,181.104
M01231,beta,88.906,179.793
M01232,beta,0.209,37.051
M01233,gamma,34.865,61.323
M01234,gamma,30.97,36.673
M01235,beta,90.029,179.719
M01236,gamma,83.368,126.699
M01237,alpha,76.195,123.817
M01238,beta,66.722,134.7
M01239,alpha,86.635,146.146
M01240,gamma,62.359,121.41
M01241,beta,23.282,45.052
M01242,gamma,89.004,159.356
M01243,gamma,27.738,46.061
M01244,alpha,57.199,106.771
M01245,gamma,30.885,35.037
M01246,alpha,19.243,21.001
M01247,gamma,54.183,88.971
M01248,gamma,18.94,-6.009
M01249,beta,50.264,122.939
M01250,gamma,17.974,24.411
M01251,alpha,27.496,55.682
M01252,gamma,44.423,91.675
M01253,gamma,60.685,96.264
M01254,alpha,33.996,63.299
M01255,alpha,41.494,81.356
M01256,beta,9.103,23.291
M01257,alpha,54.178,95.841
M01258,alpha,15.423,35.196
M01259,beta,67.861,165.66
M01260,alpha,2.717,15.954
M01261,alpha,29.802,59.057
M01262,beta,25.793,65.295
M01263,alpha,5.188,10.393
M01264,alpha,49.298,104.88
M01265,gamma,38.505,62.491
M01266,beta,55.312,117.37
M01267,alpha,48.417,79.832
M01268,alpha,26.916,53.257
M01269,gamma,67.51,111.871
M01270,alpha,30.461,70.09
M01271,beta,44.598,103.317
M01272,alpha,37.331,55.567
M01273,alpha,78.202,128.513
M01274,gamma,45.174,68.369
M01275,alpha,81.264,162.489
M01276,gamma,97.208,160.932
M01277,alpha,6.018,19.287
M01278,beta,83.949,161.585
M01279,beta,99.924,199.418
M01280,gamma,28.131,33.697
M01281,alpha,73.918,123.691
M01282,beta,69.843,136.8
M01283,alpha,72.507,155.14
M01284,alpha,61.045,109.699
M01285,beta,88.393,190.156
M01286,gamma,45.272,65.758
M01287,alpha,66.228,115.62
M01288,gamma,32.846,56.554
M01289,gamma,13.373,28.589
M01290,alpha,90.144,154.544
M01291,gamma,17.354,3.833
M01292,beta,76.247,145.881
M01293,gamma,8.115,17.056
M01294,gamma,3.095,-16.612
M01295,gamma,44.518,93.053
M01296,beta,82.747,186.413
M01297,beta,38.675,96.269
M01298,alpha,12.476,3.874
M01299,beta,93.625,175.542
M01300,alpha,75.842,139.413
M01301,gamma,92.14,152.586
M01302,gamma,62.524,106.603
M01303,gamma,22.115,60.948
M01304,alpha,28.076,46.626
M01305,gamma,70.697,119.27
M01306,gamma,39.609,68.964
M01307,beta,56.91,102.246
M01308,gamma,73.881,123.558
M01309,gamma,68.238,108.781
M01310,alpha,74.597,132.519
M01311,alpha,25.962,38.919
M01312,gamma,72.89,117.531
M01313,beta,19.185,33.239
M01314,gamma,67.773,78.476
M01315,gamma,25.292,23.256
M01316,beta,64.097,125.506
M01317,gamma,5.186,11.175
M01318,beta,27.404,59.532
M01319,gamma,51.83,68.817
M01320,alpha,88.38,159.487
M01321,alpha,4.696,21.346
M01322,beta,0.516,8.67
M01323,alpha,33.471,76.141
M01324,gamma,22.563,15.707
M01325,gamma,42.382,74.412
M01326,alpha,32.922,63.363
M01327,alpha,62.599,123.944
M01328,alpha,59.253,114.491
M01329,gamma,93.506,163.18
M01330,beta,23.836,50.286
M01331,beta,83.252,171.176
M01332,alpha,94.355,156.754
M01333,gamma,61.957,103.01
M01334,gamma,12.483,-4.28
M01335,alpha,91.671,146.91
M01336,gamma,6.503,19.266
M01337,alpha,6.2,12.462
M01338,gamma,62.619,98.902
M01339,alpha,10.183,22.02
M01340,beta,40.168,88.652
M01341,gamma,75.196,127.072
M01342,gamma,62.401,118.466
M01343,beta,38.392,91.023
M01344,gamma,10.128,-15.489
M01345,gamma,93.758,161.477
M01346,beta,58.781,107.884
M01347,alpha,10.269,14.775
M01348,alpha,90.437,160.26
M01349,alpha,63.736,114.229
M01350,gamma,62.085,114.288
M01351,alpha,24.315,45.001
M01352,beta,58.452,116.158
M01353,gamma,95.974,163.038
M01354,gamma,77.55,119.232
M01355,alpha,46.952,76.585
M01356,alpha,51.768,87.165
M01357,gamma,67.83,125.452
M01358,gamma,85.87,149.596
M01359,beta,34.382,93.867
M01360,alpha,78.526,138.822
M01361,beta,18.936,30.886
M01362,beta,59.976,125.754
M01363,beta,85.201,158.432
M01364,beta,41.87,85.987
M01365,alpha,10.485,37.647
M01366,beta,21.941,35.979
M01367,alpha,63.877,110.281
M01368,alpha,23.902,30.418
M01369,gamma,76.835,136.908
M01370,beta,20.532,31.954
M01371,alpha,82.608,150.385
M01372,beta,3.002,20.475
M01373,alpha,14.24,9.854
M01374,beta,4.39,29.102
M01375,alpha,19.912,34.048
M01376,beta,71.884,152.634
M01377,beta,84.753,167.756
M01378,alpha,84.288,159.642
M01379,alpha,2.099,-1.378
M01380,alpha,33.838,50.392
M01381,alpha,30.507,56.264
M01382,gamma,17.136,42.655
M01383,gamma,97.71,190.668
M01384,gamma,6.538,1.409
M01385,alpha,88.272,164.188
M01386,gamma,37.82,63.775
M01387,beta,31.795,56.812
M01388,alpha,76.308,144.664
M01389,gamma,18.91,3.375
M01390,beta,24.717,54.808
M01391,gamma,79.561,149.557
M01392,gamma,88.583,132.655
M01393,alpha,72.73,135.502
M01394,gamma,6.487,-19.055
M01395,gamma,38.812,74.658
M01396,beta,49.859,91.269
M01397,beta,17.9,43.798
M01398,beta,71.565,129.57
M01399,beta,47.376,85.346
M01400,gamma,64.974,98.599
M01401,alpha,21.953,46.481
M01402,beta,21.859,77.244
M01403,beta,88.871,149.649
M01404,beta,25.453,48.634
M01405,alpha,13.433,35.42
M01406,beta,23.018,62.988
M01407,alpha,46.525,74.588
M01408,beta,43.251,84.13
M01409,beta,80.45,154.995
M01410,alpha,44.169,90.255
M01411,beta,64.535,128.012
M01412,gamma,51.279,86.155
M01413,gamma,7.816,2.643
M01414,alpha,7.135,21.352
M01415,alpha,54.603,89.247
M01416,beta,30.272,85.049
M01417,gamma,84.545,148.133
M01418,alpha,99.841,194.925
M01419,gamma,73.982,124.507
M01420,beta,28.185,64.911
M01421,beta,78.313,145.889
M01422,gamma,75.781,133.363
M01423,alpha,47.2,64.716
M01424,alpha,86.547,154.173
M01425,alpha,22.693,40.774
M01426,gamma,58.7,82.049
M01427,gamma,75.762,124.077
M01428,alpha,31.307,43.202
M01429,alpha,42.879,88.84
M01430,beta,44.997,91.542
M01431,gamma,3.01,11.103
M01432,beta,94.335,203.511
M01433,alpha,49.98,83.878
M01434,alpha,41.915,66.008
M01435,gamma,75.263,126.955
M01436,beta,32.608,55.375
M01437,alpha,56.758,108.599
M01438,beta,56.819,118.594
M01439,gamma,91.375,143.791
M01440,beta,20.42,46.406
M01441,beta,6.371,16.172
M01442,beta,56.952,126.427
M01443,beta,63.9,127.543
M01444,gamma,55.291,96.453
M01445,alpha,82.647,146.535
M01446,alpha,6.949,10.815
M01447,beta,28.382,67.961
M01448,alpha,45.466,99.355
M01449,beta,51.853,119.553
M01450,beta,39.111,106.371
M01451,alpha,12.914,6.003
M01452,beta,95.51,196.622
M01453,alpha,12.993,26.897
M01454,gamma,66.479,121.938
M01455,alpha,60.371,123.484
M01456,gamma,71.677,113.061
M01457,beta,27.544,71.231
M01458,alpha,82.458,148.736
M01459,gamma,80.757,109.357
M01460,beta,46.02,93.574
M01461,gamma,3.908,11.577
M01462,beta,34.678,86.792
M01463,gamma,79.235,115.307
M01464,alpha,41.505,88.835
M01465,alpha,89.996,160.597
M01466,gamma,18.344,9.815
M01467,gamma,9.553,6.058
M01468,alpha,27.378,45.88
M01469,gamma,53.774,84.563
M01470,gamma,72.241,116.171
M01471,alpha,90.874,146.322
M01472,alpha,99.532,189.912
M01473,alpha,75.54,115.113
M01474,beta,45.094,95.593
M01475,beta,20.737,55.01
M01476,gamma,69.449,115.781
M01477,gamma,46.19,66.416
M01478,alpha,39.667,81.479
M01479,alpha,25.061,43.458
M01480,gamma,74.868,118.475
M01481,beta,46.136,113.291
M01482,gamma,95.002,169.706
M01483,alpha,47.079,83.446
M01484,alpha,60.699,116.258
M01485,alpha,29.414,41.279
M01486,alpha,67.139,118.269
M01487,alpha,67.738,128.367
M01488,alpha,71.441,137.879
M01489,gamma,53.23,82.306
M01490,gamma,81.151,137.409
M01491,gamma,66.254,106.264
M01492,gamma,30.832,40.778
M01493,alpha,59.821,118.818
M01494,alpha,92.882,170.704
M01495,beta,90.876,179.244
M01496,alpha,98.929,180.124
M01497,beta,82.053,160.849
M01498,alpha,79.692,139.524
M01499,gamma,16.788,26.412
M01500,alpha,81.562,157.599
M01501,beta,56.205,119.2
M01502,gamma,39.506,68.704
M01503,beta,12.08,39.287
M01504,alpha,1.499,13.677
M01505,gamma,31.624,36.721
M01506,alpha,65.796,126.961
M01507,beta,64.994,128.943
M01508,alpha,41.11,77.284
M01509,gamma,49.958,98.839
M01510,gamma,17.146,19.729
M01511,alpha,59.987,126.377
M01512,gamma,92.455,154.261
M01513,gamma,13.293,23.117
M01514,gamma,31.797,65.363
M01515,gamma,48.213,68.408
M01516,gamma,44.891,84.944
M01517,gamma,64.059,107.066
M01518,alpha,23.261,57.741
M01519,gamma,75.894,132.878
M01520,beta,75.725,157.5
M01521,gamma,7.939,13.446
M01522,alpha,15.167,38.028
M01523,alpha,64.204,117.013
M01524,beta,73.926,167.303
M01525,beta,13.427,30.48
M01526,alpha,52.087,112.988
M01527,beta,64.805,131.02
M01528,gamma,33.127,52.18
M01529,alpha,20.582,62.332
M01530,alpha,80.145,153.198
M01531,gamma,71.95,110.356
M01532,beta,18.355,40.652
M01533,gamma,0.604,-5.786
M01534,alpha,5.211,6.045
M01535,alpha,93.827,174.111
M01536,gamma,83.122,144.879
M01537,alpha,23.631,59.539
M01538,beta,16.416,53.642
M01539,alpha,24.492,48.135
M01540,beta,57.642,126.883
M01541,gamma,20.14,35.175
M01542,beta,39.824,76.226
M01543,alpha,47.071,70.177
M01544,beta,76.032,159.539
M01545,beta,1.981,1.261
M01546,beta,59.518,138.095
M01547,alpha,55.285,104.798
M01548,beta,45.36,107.134
M01549,beta,56.214,105.459
M01550,gamma,46.926,75.764
M01551,alpha,91.613,188.763
M01552,gamma,72.535,121.19
M01553,beta,40.456,77.44
M01554,gamma,37.314,63.232
M01555,beta,30.781,75.005
M01556,alpha,99.247,178.283
M01557,alpha,38.483,62.044
M01558,beta,95.71,184.118
M01559,gamma,34.858,48.417
M01560,beta,69.646,123.885
M01561,gamma,38.533,51.334
M01562,beta,3.451,25.362
M01563,beta,63.095,120.295
M01564,gamma,14.788,0.01
M01565,gamma,45.547,68.126
M01566,gamma,57.834,85.757
M01567,gamma,84.152,162.015
M01568,gamma,71.161,119.685
M01569,beta,39.767,64.463
M01570,gamma,90.995,140.492
M01571,beta,16.582,28.345
M01572,gamma,96.768,172.348
M01573,gamma,88.665,132.857
M01574,gamma,86.942,136.442
M01575,alpha,63.618,116.353
M01576,alpha,26.902,37.551
M01577,alpha,93.002,159.149
M01578,alpha,81.639,153.11
M01579,alpha,9.687,19.292
M01580,beta,65.452,120.47
M01581,gamma,43.095,71.01
M01582,alpha,19.802,42.542
M01583,alpha,50.261,102.42
M01584,alpha,18.564,43.331
M01585,alpha,74.992,137.832
M01586,beta,44.073,87.034
M01587,gamma,10.92,6.453
M01588,alpha,37.773,64.291
M01589,beta,6.426,35.193
M01590,beta,67.28,137.731
M01591,alpha,0.951,-1.305
M01592,gamma,58.245,124.596
M01593,alpha,9.684,15.997
M01594,gamma,52.007,83.41
M01595,beta,93.213,172.057
M01596,beta,33.655,77.4
M01597,gamma,89.015,172.337
M01598,beta,66.508,134.637
M01599,beta,61.081,149.035
M01600,alpha,0.308,-3.214
M01601,gamma,40.181,76.293
M01602,alpha,60.191,84.869
M01603,gamma,27.947,33.395
M01604,beta,45.192,75.41
M01605,gamma,65.888,96.359
M01606,alpha,0.313,2.486
M01607,gamma,95.755,163.202
M01608,beta,87.343,170.188
M01609,gamma,32.553,33.194
M01610,beta,73.92,153.677
M01611,alpha,34.833,89.222
M01612,beta,98.687,181.959
M01613,gamma,90.52,151.949
M01614,alpha,71.194,118.188
M01615,gamma,87.623,151.863
M01616,alpha,12.786,4.412
M01617,alpha,30.135,47.207
M01618,beta,16.805,31.845
M01619,beta,95.505,172.034
M01620,alpha,21.164,39.769
M01621,gamma,69.991,145.944
M01622,alpha,16.024,52.224
M01623,beta,90.265,178.343
M01624,beta,66.593,126.444
M01625,gamma,12.31,21.919
M01626,gamma,49.196,89.731
M01627,gamma,33.28,52.479
M01628,gamma,6.467,17.147
M01629,beta,37.701,78.883
M01630,beta,65.392,113.529
M01631,gamma,96.625,155.854
M01632,beta,11.569,39.199
M01633,alpha,11.138,11.416
M01634,alpha,74.462,147.589
M01635,alpha,57.284,110.356
M01636,beta,57.692,126.314
M01637,alpha,31.08,49.371
M01638,beta,97.985,187.198
M01639,beta,77.128,162.059
M01640,alpha,51.975,66.82
M01641,gamma,59.078,97.619
M01642,beta,31.593,72.88
M01643,beta,83.722,152.462
M01644,gamma,28.339,41.024
M01645,gamma,66.535,115.685
M01646,gamma,32.014,29.89
M01647,gamma,99.034,197.338
M01648,gamma,57.397,121.835
M01649,gamma,82.869,120.445
M01650,beta,5.881,26.171
M01651,beta,15.27,37.657
M01652,alpha,70.041,103.284
M01653,alpha,92.316,170.022
M01654,gamma,39.181,37.184
M01655,gamma,91.238,155.582
M01656,beta,33.741,77.843
M01657,gamma,47.342,68.29
M01658,alpha,52.784,104.76
M01659,beta,28.236,82.338
M01660,gamma,39.377,52.21
M01661,alpha,32.342,64.384
M01662,alpha,84.981,129.717
M01663,gamma,30.407,35.853
M01664,beta,69.596,127.271
M01665,beta,89.722,181.921
M01666,alpha,73.532,153.345
M01667,alpha,36.223,68.644
M01668,alpha,37.656,63.408
M01669,beta,67.945,139.309
M01670,beta,97.416,193.908
M01671,alpha,94.506,180.804
M01672,beta,59.339,131.522
M01673,alpha,62.697,110.256
M01674,alpha,39.664,73.186
M01675,beta,68.798,155.584
M01676,beta,77.585,149.737
M01677,gamma,65.852,112.696
M01678,gamma,38.21,35.131
M01679,gamma,65.32,103.497
M01680,alpha,12.205,26.461
M01681,gamma,66.879,107.797
M01682,gamma,98.735,167.564
M01683,beta,27.372,63.647
M01684,alpha,38.396,47.78
M01685,gamma,70.274,114.636
M01686,beta,6.35,32.353
M01687,gamma,18.489,24.202
M01688,gamma,81.746,134.931
M01689,gamma,48.856,62.144
M01690,gamma,81.883,135.504
M01691,gamma,12.409,12.921
M01692,alpha,18.066,1.361
M01693,gamma,69.522,128.199
M01694,beta,12.305,37.586
M01695,alpha,57.508,100.56
M01696,beta,85.145,164.049
M01697,alpha,8.461,22.389
M01698,gamma,17.16,28.022
M01699,gamma,0.009,-19.053
M01700,gamma,90.462,180.391
M01701,beta,65.916,118.839
M01702,gamma,31.294,51.669
M01703,beta,60.617,105.838
M01704,gamma,81.976,136.339
M01705,alpha,3.673,21.481
M01706,alpha,95.742,190.698
M01707,gamma,55.207,81.264
M01708,gamma,62.231,96.742
M01709,alpha,54.985,97.808
M01710,alpha,40.006,89.354
M01711,alpha,94.474,157.367
M01712,alpha,53.59,70.962
M01713,alpha,62.957,111.256
M01714,gamma,19.263,41.541
M01715,beta,56.364,107.851
M01716,alpha,41.969,64.044
M01717,alpha,31.636,59.699
M01718,gamma,24.75,23.166
M01719,beta,12.462,49.09
M01720,alpha,32.936,68.929
M01721,alpha,36.282,60.504
M01722,alpha,27.365,57.555
M01723,alpha,37.716,79.371
M01724,alpha,78.273,138.609
M01725,alpha,17.573,30.238
M01726,beta,9.554,22.024
M01727,beta,70.046,151.161
M01728,gamma,9.907,-3.542
M01729,alpha,17.075,41.991
M01730,beta,80.608,156.162
M01731,gamma,96.8,148.433
M01732,beta,47.686,97.646
M01733,alpha,25.906,39.28
M01734,gamma,12.637,-4.737
M01735,beta,56.756,114.234
M01736,gamma,97.45,192.117
M01737,gamma,77.753,124.511
M01738,beta,18.31,36.717
M01739,beta,79.847,149.085
M01740,beta,52.059,108.571
M01741,gamma,88.139,152.659
M01742,alpha,94.745,161.118
M01743,beta,77.058,163.298
M01744,alpha,72.995,117.321
M01745,alpha,16.511,48.239
M01746,gamma,92.959,164.312
M01747,alpha,96.217,160.485
M01748,gamma,13.643,21.134
M01749,beta,51.501,132.814
M01750,gamma,12.469,12.121
M01751,alpha,61.629,127.763
M01752,gamma,42.498,55.946
M01753,gamma,74.967,125.654
M01754,gamma,68.408,132.79
M01755,alpha,60.737,126.865
M01756,gamma,90.38,148.723
M01757,alpha,7.512,21.197
M01758,alpha,42.272,63.895
M01759,beta,17.048,56.388
M01760,gamma,24.977,32.898
M01761,gamma,85.078,149.366
M01762,beta,29.355,60.099
M01763,alpha,0.223,-7.75
M01764,beta,92.911,173.429
M01765,gamma,51.553,104.819
M01766,gamma,84.835,125.267
M01767,alpha,35.574,56.023
M01768,beta,10.716,27.179
M01769,beta,89.02,179.62
M01770,alpha,43.08,87.881
M01771,alpha,8.474,8.348
M01772,alpha,91.311,163.737
M01773,alpha,15.563,23.257
M01774,beta,37.431,75.221
M01775,beta,42.834,101.163
M01776,alpha,98.937,198.05
M01777,gamma,83.936,146.983
M01778,beta,0.581,25.582
M01779,gamma,19.846,26.998
M01780,beta,42.106,93.986
M01781,beta,90.1,181.45
M01782,beta,95.97,194.504
M01783,beta,11.879,22.377
M01784,gamma,71.432,119.541
M01785,beta,75.109,152.494
M01786,gamma,92.356,144.334
M01787,beta,13.142,59.196
M01788,alpha,15.554,22.403
M01789,gamma,1.365,-9.114
M01790,beta,42.967,88.746
M01791,gamma,73.743,113.649
M01792,beta,8.261,33.848
M01793,beta,24.775,67.852
M01794,alpha,28.114,62.353
M01795,alpha,86.417,164.591
M01796,beta,19.841,50.387
M01797,gamma,78.272,146.387
M01798,gamma,18.119,34.336
M01799,gamma,62.891,106.817
M01800,beta,3.837,26.797
M01801,alpha,92.91,152.374
M01802,alpha,86.435,163.004
M01803,beta,40.73,82.411
M01804,alpha,22.178,55.861
M01805,beta,47.92,84.045
M01806,beta,11.005,33.741
M01807,beta,28.056,58.096
M01808,beta,89.511,186.175
M01809,alpha,4.089,26.137
M01810,alpha,28.532,57.738
M01811,beta,90.848,184.711
M01812,beta,36.358,84.984
M01813,beta,11.153,26.208
M01814,alpha,33.121,43.737
M01815,gamma,81.004,135.097
M01816,gamma,37.159,40.901
M01817,gamma,27.595,35.247
M01818,alpha,13.049,20.897
M01819,gamma,60.184,128.821
M01820,gamma,81.741,145.175
M01821,alpha,70.466,131.064
M01822,gamma,61.901,99.286
M01823,beta,72.535,153.607
M01824,gamma,15.367,17.136
M01825,alpha,19.171,25.809
M01826,gamma,97.513,162.667
M01827,beta,44.848,90.347
M01828,alpha,48.282,61.076
M01829,gamma,93.133,155.116
M01830,gamma,27.415,39.286
M01831,alpha,28.966,56.226
M01832,gamma,19.019,23.069
M01833,beta,49.503,89.999
M01834,alpha,16.552,26.875
M01835,gamma,38.415,61.376
M01836,beta,20.692,40.306
M01837,alpha,16.0,32.524
M01838,gamma,45.544,90.138
M01839,gamma,72.058,118.402
M01840,beta,70.825,165.926
M01841,gamma,11.91,13.855
M01842,beta,3.909,36.658
M01843,alpha,94.205,168.457
M01844,alpha,64.241,121.947
M01845,alpha,98.954,179.601
M01846,gamma,34.746,58.319
M01847,gamma,97.222,151.89
M01848,gamma,26.404,63.432
M01849,alpha,40.834,65.373
M01850,alpha,62.596,105.82
M01851,alpha,82.393,154.274
M01852,alpha,25.599,76.603
M01853,alpha,53.739,117.371
M01854,gamma,10.644,6.388
M01855,gamma,68.812,122.584
M01856,gamma,63.431,101.076
M01857,gamma,20.616,17.178
M01858,alpha,58.166,108.474
M01859,beta,15.564,45.229
M01860,beta,14.833,60.889
M01861,beta,9.369,35.066
M01862,alpha,18.886,40.971
M01863,beta,94.336,188.942
M01864,beta,16.292,53.175
M01865,alpha,81.75,144.182
M01866,alpha,7.205,5.82
M01867,alpha,45.502,74.446
M01868,gamma,52.678,75.192
M01869,gamma,75.044,130.565
M01870,beta,2.072,19.137
M01871,alpha,76.345,135.212
M01872,alpha,77.012,135.793
M01873,beta,14.264,39.297
M01874,alpha,95.762,170.952
M01875,alpha,54.237,107.393
M01876,alpha,20.232,15.058
M01877,beta,75.967,168.948
M01878,beta,33.176,60.911
M01879,alpha,24.381,34.77
M01880,gamma,12.308,9.597
M01881,alpha,10.282,14.349
M01882,beta,14.184,54.281
M01883,alpha,2.4,-1.758
M01884,gamma,28.685,44.628
M01885,gamma,38.474,75.926
M01886,alpha,49.182,73.683
M01887,alpha,22.452,49.815
M01888,alpha,61.57,108.188
M01889,alpha,36.049,69.385
M01890,alpha,60.451,106.51
M01891,alpha,42.863,73.295
M01892,beta,15.022,48.578
M01893,gamma,68.716,106.699
M01894,alpha,27.109,41.827
M01895,beta,66.173,154.088
M01896,gamma,79.868,124.8
M01897,alpha,86.171,175.723
M01898,alpha,32.026,54.785
M01899,beta,44.67,104.933
M01900,alpha,11.316,-11.055
M01901,beta,95.959,186.796
M01902,alpha,18.187,37.878
M01903,beta,35.261,64.73
M01904,beta,60.174,123.814
M01905,gamma,33.347,55.65
M01906,alpha,38.319,52.422
M01907,gamma,49.71,65.012
M01908,alpha,38.463,66.117
M01909,gamma,71.492,98.207
M01910,gamma,21.933,25.979
M01911,alpha,23.519,80.654
M01912,alpha,36.24,65.922
M01913,beta,95.762,191.069
M01914,beta,36.086,77.95
M01915,alpha,29.47,67.557
M01916,beta,24.25,77.15
M01917,alpha,5.587,29.947
M01918,gamma,14.308,39.133
M01919,gamma,2.635,6.032
M01920,gamma,10.601,6.552
M01921,gamma,7.377,15.947
M01922,alpha,14.689,5.748
M01923,alpha,7.899,28.001
M01924,beta,14.972,49.199
M01925,alpha,46.976,93.915
M01926,beta,47.018,110.96
M01927,gamma,33.734,54.347
M01928,beta,11.127,16.888
M01929,alpha,88.116,178.217
M01930,gamma,16.035,22.875
M01931,beta,83.268,154.43
M01932,gamma,71.141,95.875
M01933,beta,91.915,161.584
M01934,beta,93.145,182.439
M01935,beta,97.312,157.324
M01936,alpha,74.313,129.3
M01937,beta,61.904,127.911
M01938,gamma,97.599,173.178
M01939,gamma,84.171,146.987
M01940,beta,65.27,120.158
M01941,beta,82.725,174.942
M01942,gamma,42.422,84.975
M01943,beta,10.84,48.916
M01944,beta,2.805,27.711
M01945,beta,16.276,50.794
M01946,alpha,75.652,141.309
M01947,beta,18.774,57.041
M01948,alpha,26.917,74.805
M01949,gamma,56.48,72.134
M01950,alpha,4.805,0.381
M01951,alpha,94.351,181.086
M01952,beta,95.874,188.173
M01953,gamma,19.488,25.302
M01954,alpha,70.266,107.179
M01955,alpha,33.132,70.941
M01956,gamma,80.749,126.751
M01957,alpha,2.369,8.164
M01958,alpha,29.012,39.128
M01959,alpha,68.237,137.637
M01960,gamma,23.157,39.674
M01961,alpha,80.748,133.719
M01962,alpha,99.342,161.886
M01963,gamma,51.63,80.612
M01964,beta,44.748,78.281
M01965,alpha,33.902,45.93
M01966,beta,4.001,40.373
M01967,gamma,77.418,123.102
M01968,gamma,60.688,104.567
M01969,alpha,56.69,107.471
M01970,alpha,14.262,25.481
M01971,beta,54.714,134.016
M01972,alpha,49.891,85.746
M01973,beta,31.372,77.989
M01974,beta,57.651,115.905
M01975,beta,8.923,39.942
M01976,beta,98.614,211.129
M01977,beta,76.315,126.9
M01978,alpha,97.168,184.609
M01979,beta,3.959,29.811
M01980,gamma,91.714,145.677
M01981,alpha,44.083,62.602
M01982,beta,37.368,80.947
M01983,gamma,41.319,40.987
M01984,gamma,4.268,5.266
M01985,gamma,5.706,4.967
M01986,gamma,0.794,-26.583
M01987,alpha,29.066,58.925
M01988,alpha,22.305,50.304
M01989,beta,66.915,127.59
M01990,gamma,90.013,162.991
M01991,beta,10.912,37.08
M01992,beta,76.822,158.484
M01993,alpha,40.152,82.372
M01994,gamma,48.63,81.864
M01995,gamma,74.128,133.379
M01996,gamma,15.574,26.729
M01997,beta,14.551,44.73
M01998,gamma,77.421,144.502
M01999,alpha,93.646,160.359
M02000,beta,21.342,63.144
M02001,alpha,86.802,173.65
M02002,beta,25.207,55.035
M02003,alpha,8.359,26.136
M02004,beta,87.378,177.436
M02005,beta,87.129,154.188
M02006,beta,18.408,45.365
M02007,alpha,9.244,25.588
M02008,beta,16.453,38.254
M02009,beta,94.194,169.787
M02010,alpha,96.559,175.518
M02011,beta,35.469,74.661
M02012,alpha,56.091,89.808
M02013,gamma,19.856,23.051
M02014,alpha,32.373,42.729
M02015,gamma,74.284,122.839
M02016,alpha,89.65,150.937
M02017,alpha,49.945,81.283
M02018,gamma,40.639,82.592
M02019,gamma,72.229,148.686
M02020,alpha,63.429,112.049
M02021,gamma,96.946,171.401
M02022,alpha,42.018,80.477
M02023,gamma,77.438,122.642
M02024,alpha,95.238,166.466
M02025,gamma,57.684,115.743
M02026,alpha,30.194,56.333
M02027,beta,50.209,117.919
M02028,gamma,99.905,156.09
M02029,beta,41.039,79.882
M02030,gamma,97.407,177.349
M02031,beta,11.338,41.112
M02032,alpha,55.275,110.833
M02033,alpha,54.276,80.648
M02034,gamma,68.028,128.148
M02035,gamma,28.325,21.112
M02036,alpha,99.536,160.414
M02037,alpha,8.964,43.85
M02038,alpha,49.64,92.223
M02039,gamma,92.723,167.436
M02040,gamma,80.587,142.68
M02041,gamma,28.99,34.698
M02042,beta,55.159,118.362
M02043,alpha,19.556,29.127
M02044,beta,41.293,90.503
M02045,gamma,70.383,116.607
M02046,beta,78.22,154.316
M02047,gamma,28.36,47.889
M02048,beta,67.33,129.738
M02049,alpha,90.019,160.21
M02050,alpha,79.051,143.378
M02051,gamma,82.003,128.832
M02052,gamma,99.283,162.34
M02053,alpha,55.574,87.146
M02054,beta,82.855,174.616
M02055,gamma,42.91,78.322
M02056,gamma,17.372,16.832
M02057,beta,51.728,103.034
M02058,alpha,50.426,92.873
M02059,gamma,57.693,78.014
M02060,beta,83.734,178.486
M02061,alpha,94.87,172.287
M02062,beta,1.154,22.165
M02063,gamma,15.305,6.469
M02064,alpha,57.179,92.764
M02065,alpha,74.234,142.621
M02066,gamma,77.759,139.616
M02067,alpha,23.972,51.22
M02068,gamma,84.046,135.256
M02069,gamma,78.003,135.028
M02070,gamma,5.175,-20.745
M02071,alpha,93.498,156.381
M02072,gamma,86.694,133.763
M02073,alpha,45.913,77.938
M02074,beta,26.199,58.922
M02075,alpha,9.278,5.343
M02076,alpha,39.08,70.755
M02077,beta,79.544,146.31
M02078,gamma,7.631,10.882
M02079,gamma,41.991,78.666
M02080,beta,80.855,149.677
M02081,alpha,29.875,68.262
M02082,gamma,60.665,89.17
M02083,alpha,11.721,15.0
M02084,gamma,59.999,107.242
M02085,alpha,15.839,27.08
M02086,alpha,60.611,81.712
M02087,gamma,2.304,-12.733
M02088,beta,11.479,35.154
M02089,alpha,2.95,8.538
M02090,gamma,93.985,163.004
M02091,beta,27.367,65.913
M02092,gamma,55.15,94.275
M02093,beta,46.704,103.721
M02094,beta,92.235,169.052
M02095,beta,17.296,36.473
M02096,beta,96.187,164.997
M02097,alpha,58.365,106.127
M02098,alpha,95.376,161.363
M02099,beta,43.347,77.777
M02100,beta,81.589,167.225
M02101,gamma,10.756,3.418
M02102,beta,37.396,87.683
M02103,gamma,81.934,113.559
M02104,gamma,25.306,43.423
M02105,beta,29.347,75.829
M02106,gamma,35.225,38.099
M02107,alpha,11.465,25.245
M02108,alpha,35.774,52.546
M02109,alpha,21.518,34.083
M02110,beta,12.23,41.863
M02111,beta,68.829,137.169
M02112,gamma,79.524,125.001
M02113,alpha,56.164,88.84
M02114,gamma,21.746,39.867
M02115,gamma,27.805,20.675
M02116,gamma,7.482,-12.135
M02117,gamma,42.175,66.324
M02118,beta,19.815,40.181
M02119,alpha,80.273,107.971
M02120,beta,11.926,36.776
M02121,beta,17.114,40.329
M02122,gamma,2.127,4.27
M02123,alpha,64.367,137.921
M02124,beta,28.437,38.15
M02125,beta,3.701,7.291
M02126,beta,64.478,127.993
M02127,alpha,46.989,90.557
M02128,beta,27.467,53.544
M02129,beta,40.034,77.307
M02130,gamma,4.707,-5.14
M02131,beta,69.646,117.986
M02132,alpha,84.308,158.319
M02133,gamma,10.274,12.138
M02134,alpha,10.514,41.049
M02135,beta,86.139,168.666
M02136,alpha,19.116,25.924
M02137,beta,81.615,160.746
M02138,gamma,86.801,145.963
M02139,beta,88.332,177.625
M02140,beta,7.504,29.514
M02141,beta,68.792,141.857
M02142,gamma,17.034,9.335
M02143,alpha,58.345,112.698
M02144,alpha,75.303,142.746
M02145,beta,63.69,122.479
M02146,alpha,57.788,91.324
M02147,gamma,49.01,74.279
M02148,beta,22.583,75.924
M02149,beta,76.62,150.225
M02150,alpha,65.948,107.836
M02151,gamma,85.586,142.447
M02152,beta,6.027,21.386
M02153,alpha,67.05,109.093
M02154,beta,10.453,36.168
M02155,alpha,81.4,147.57
M02156,beta,76.049,137.513
M02157,beta,70.851,129.479
M02158,alpha,91.413,145.261
M02159,alpha,91.67,155.095
M02160,gamma,51.346,91.097
M02161,beta,18.795,47.58
M02162,beta,95.149,193.346
M02163,gamma,64.838,121.462
M02164,gamma,11.02,29.432
M02165,alpha,89.41,162.052
M02166,gamma,53.089,88.227
M02167,beta,26.558,67.313
M02168,beta,21.207,50.944
M02169,beta,50.219,101.433
M02170,beta,36.978,81.363
M02171,alpha,64.862,115.332
M02172,beta,18.945,36.605
M02173,alpha,59.405,93.171
M02174,beta,10.918,32.067
M02175,alpha,64.634,124.512
M02176,alpha,89.506,158.957
M02177,gamma,26.618,42.984
M02178,alpha,88.26,161.095
M02179,gamma,71.582,114.532
M02180,gamma,82.407,141.816
M02181,gamma,26.827,44.075
M02182,beta,63.69,149.895
M02183,gamma,59.631,96.796
M02184,gamma,90.778,148.089
M02185,gamma,47.676,66.914
M02186,alpha,17.023,55.213
M02187,gamma,6.945,12.376
M02188,alpha,96.224,196.978
M02189,gamma,47.46,71.648
M02190,beta,88.126,180.107
M02191,alpha,67.92,131.978
M02192,beta,58.316,107.12
M02193,beta,87.322,168.585
M02194,alpha,56.727,102.734
M02195,beta,83.536,158.195
M02196,alpha,77.526,138.399
M02197,alpha,30.46,53.686
M02198,gamma,35.078,40.016
M02199,gamma,25.734,24.94
M02200,alpha,82.775,149.963
M02201,beta,71.016,158.901
M02202,gamma,48.435,64.119
M02203,beta,68.578,138.105
M02204,beta,85.627,166.696
M02205,gamma,99.409,167.061
M02206,gamma,74.101,125.732
M02207,beta,35.942,79.417
M02208,beta,63.873,122.099
M02209,beta,87.714,161.764
M02210,beta,98.733,169.541
M02211,gamma,17.495,30.888
M02212,beta,39.103,79.449
M02213,beta,94.527,183.868
M02214,gamma,52.008,91.312
M02215,beta,83.417,180.457
M02216,gamma,96.815,179.186
M02217,beta,28.841,80.762
M02218,gamma,14.713,13.794
M02219,gamma,15.023,33.454
M02220,gamma,16.261,15.782
M02221,beta,28.826,67.541
M02222,alpha,21.733,37.095
M02223,gamma,12.344,11.01
M02224,beta,66.025,133.934
M02225,alpha,4.99,24.965
M02226,gamma,66.533,128.525
M02227,gamma,15.504,26.083
M02228,gamma,19.673,30.316
M02229,gamma,91.826,154.509
M02230,beta,24.873,62.738
M02231,gamma,63.704,76.972
M02232,alpha,89.303,175.395
M02233,beta,59.704,128.418
M02234,beta,80.438,171.165
M02235,alpha,68.332,125.019
M02236,gamma,19.952,32.071
M02237,beta,8.56,14.984
M02238,gamma,18.337,16.14
M02239,beta,9.604,14.073
M02240,gamma,93.488,155.209
M02241,gamma,35.756,46.169
M02242,beta,46.128,108.702
M02243,gamma,2.642,-4.701
M02244,alpha,61.521,105.603
M02245,beta,78.663,146.442
M02246,gamma,54.327,82.181
M02247,gamma,87.781,169.883
M02248,alpha,40.294,80.179
M02249,alpha,46.281,84.488
M02250,alpha,8.466,0.789
M02251,beta,82.989,158.02
M02252,alpha,82.194,139.209
M02253,gamma,48.147,74.585
M02254,gamma,58.462,98.941
M02255,gamma,73.936,130.768
M02256,alpha,56.205,103.828
M02257,beta,13.64,53.103
M02258,alpha,30.089,43.656
M02259,beta,71.914,164.46
M02260,gamma,68.777,105.365
M02261,alpha,6.714,26.225
M02262,gamma,9.686,27.695
M02263,alpha,10.361,32.727
M02264,beta,5.565,27.215
M02265,alpha,29.992,46.372
M02266,alpha,84.172,152.291
M02267,gamma,26.027,27.049
M02268,gamma,61.716,92.692
M02269,beta,14.625,47.897
M02270,gamma,65.747,109.244
M02271,alpha,51.151,89.574
M02272,beta,29.004,59.581
M02273,gamma,10.002,-1.739
M02274,beta,39.119,79.337
M02275,gamma,79.986,112.544
M02276,alpha,2.797,9.972
M02277,beta,12.013,24.472
M02278,alpha,64.511,126.246
M02279,gamma,61.988,126.803
M02280,alpha,46.791,91.147
M02281,gamma,45.835,79.537
M02282,gamma,85.584,144.455
M02283,gamma,21.078,39.924
M02284,gamma,6.277,-7.118
M02285,gamma,15.14,8.646
M02286,beta,71.518,130.908
M02287,alpha,27.834,50.908
M02288,beta,6.821,17.115
M02289,gamma,48.374,92.997
M02290,alpha,57.604,99.87
M02291,gamma,77.54,123.335
M02292,beta,58.885,119.988
M02293,gamma,34.81,43.63
M02294,alpha,2.952,-2.898
M02295,gamma,15.918,23.325
M02296,gamma,47.641,78.996
M02297,alpha,98.133,183.65
M02298,alpha,10.543,0.79
M02299,alpha,72.816,106.959
M02300,alpha,6.193,32.651
M02301,beta,11.447,38.272
M02302,beta,60.653,120.344
M02303,alpha,92.355,158.202
M02304,beta,13.322,55.741
M02305,gamma,57.378,96.124
M02306,beta,67.885,145.895
M02307,alpha,20.119,47.759
M02308,alpha,8.602,34.215
M02309,alpha,62.912,109.282
M02310,alpha,89.329,153.731
M02311,beta,77.439,132.573
M02312,beta,18.53,38.372
M02313,gamma,95.774,160.393
M02314,alpha,83.24,135.261
M02315,gamma,82.758,127.697
M02316,gamma,85.342,143.555
M02317,alpha,43.888,61.779
M02318,gamma,7.814,-13.256
M02319,gamma,29.823,50.092
M02320,gamma,54.054,93.162
M02321,alpha,22.402,65.581
M02322,beta,39.043,75.39
M02323,beta,6.795,49.007
M02324,alpha,53.442,73.433
M02325,alpha,85.32,166.429
M02326,beta,61.864,120.485
M02327,gamma,69.752,125.94
M02328,beta,65.323,141.27
M02329,alpha,33.805,60.109
M02330,alpha,13.929,35.877
M02331,gamma,81.676,127.331
M02332,alpha,23.562,60.133
M02333,alpha,80.566,129.859
M02334,alpha,34.585,55.822
M02335,alpha,94.991,157.505
M02336,alpha,88.752,150.198
M02337,beta,94.66,184.938
M02338,alpha,49.66,92.863
M02339,alpha,65.034,107.787
M02340,alpha,2.144,8.116
M02341,alpha,2.635,6.318
M02342,gamma,86.029,137.08
M02343,gamma,68.36,126.726
M02344,beta,76.568,154.384
M02345,gamma,12.524,7.981
M02346,alpha,43.795,64.379
M02347,gamma,98.253,161.549
M02348,beta,91.807,186.069
M02349,alpha,23.203,34.453
M02350,gamma,75.257,120.91
M02351,gamma,56.805,94.325
M02352,gamma,24.992,34.867
M02353,alpha,7.661,19.087
M02354,alpha,31.413,61.956
M02355,gamma,65.521,108.299
M02356,gamma,39.782,71.582
M02357,gamma,12.238,20.095
M02358,gamma,20.586,31.281
M02359,gamma,73.522,105.747
M02360,alpha,44.354,100.693
M02361,beta,94.143,186.342
M02362,gamma,24.421,24.151
M02363,beta,31.886,66.95
M02364,beta,90.043,175.628
M02365,gamma,95.056,156.268
M02366,alpha,84.143,151.877
M02367,gamma,23.054,31.078
M02368,beta,72.491,137.238
M02369,alpha,3.587,7.665
M02370,beta,95.304,199.419
M02371,alpha,49.891,99.272
M02372,beta,30.041,71.113
M02373,alpha,5.972,17.964
M02374,alpha,86.277,145.946
M02375,beta,44.402,96.797
M02376,gamma,43.108,79.164
M02377,alpha,66.04,138.842
M02378,alpha,91.005,167.789
M02379,beta,92.27,199.368
M02380,gamma,21.654,16.96
M02381,alpha,34.094,67.484
M02382,beta,78.261,144.62
M02383,gamma,75.24,130.808
M02384,gamma,93.247,143.59
M02385,beta,85.851,181.919
M02386,gamma,71.922,114.372
M02387,gamma,26.01,49.87
M02388,alpha,13.187,20.412
M02389,alpha,28.07,46.576
M02390,alpha,77.134,130.079
M02391,beta,33.753,62.67
M02392,beta,26.875,73.577
M02393,beta,78.243,161.908
M02394,alpha,30.69,39.982
M02395,gamma,32.099,47.092
M02396,beta,1.727,25.609
M02397,alpha,46.644,97.373
M02398,gamma,21.784,26.291
M02399,alpha,57.957,126.781
M02400,gamma,31.403,58.789
M02401,alpha,44.044,78.218
M02402,beta,86.906,192.5
M02403,alpha,22.742,52.035
M02404,gamma,4.958,20.538
M02405,alpha,65.46,123.555
M02406,beta,57.989,132.446
M02407,alpha,55.341,103.693
M02408,beta,97.528,219.81
M02409,alpha,67.839,129.115
M02410,gamma,4.473,-10.694
M02411,alpha,34.973,74.44
M02412,gamma,7.745,10.022
M02413,alpha,32.579,43.224
M02414,beta,7.139,43.99
M02415,beta,87.585,179.294
M02416,beta,33.499,83.65
M02417,beta,89.739,156.288
M02418,beta,62.192,147.26
M02419,alpha,36.83,64.556
M02420,gamma,2.554,1.216
M02421,gamma,21.148,20.716
M02422,gamma,50.818,99.03
M02423,gamma,71.284,129.198
M02424,gamma,3.26,-8.447
M02425,gamma,15.007,18.388
M02426,alpha,95.863,155.238
M02427,alpha,56.54,118.7
M02428,gamma,41.808,65.022
M02429,gamma,12.124,27.333
M02430,gamma,47.233,60.174
M02431,gamma,52.034,80.434
M02432,gamma,29.307,49.968
M02433,alpha,32.868,69.179
M02434,alpha,45.582,50.55
M02435,gamma,97.24,160.473
M02436,beta,36.188,67.94
M02437,beta,56.046,125.978
M02438,beta,60.522,129.199
M02439,beta,78.63,159.388
M02440,alpha,92.572,188.957
M02441,alpha,77.645,126.457
M02442,alpha,60.555,117.724
M02443,beta,34.157,85.554
M02444,gamma,98.325,175.288
M02445,gamma,49.42,84.818
M02446,alpha,87.641,152.348
M02447,alpha,16.677,12.195
M02448,gamma,93.013,167.424
M02449,gamma,10.1,23.688
M02450,alpha,69.005,107.582
M02451,alpha,13.238,41.841
M02452,beta,35.437,58.836
M02453,beta,69.693,140.985
M02454,beta,89.743,186.524
M02455,beta,59.148,92.872
M02456,alpha,7.375,-12.46
M02457,beta,94.992,200.328
M02458,gamma,83.48,131.247
M02459,beta,75.766,145.362
M02460,gamma,76.596,109.31
M02461,gamma,8.379,17.843
M02462,beta,67.391,126.482
M02463,beta,37.937,70.032
M02464,gamma,27.93,45.658
M02465,alpha,23.226,38.035
M02466,gamma,89.73,151.673
M02467,gamma,50.823,90.328
M02468,beta,31.858,68.048
M02469,alpha,95.351,199.541
M02470,gamma,21.068,35.451
M02471,gamma,27.826,47.668
M02472,beta,28.479,59.105
M02473,alpha,28.784,43.303
M02474,alpha,28.848,52.643
M02475,beta,98.881,193.58
M02476,gamma,27.863,12.881
M02477,alpha,20.684,47.884
M02478,alpha,59.839,90.639
M02479,alpha,95.986,151.949
M02480,alpha,48.837,82.583
M02481,alpha,36.954,60.721
M02482,beta,73.209,175.363
M02483,gamma,12.618,-13.005
M02484,gamma,70.632,124.811
M02485,alpha,44.441,71.454
M02486,alpha,99.308,182.625
M02487,gamma,66.872,131.597
M02488,gamma,79.332,128.532
M02489,gamma,7.435,9.382
M02490,beta,63.062,137.548
M02491,gamma,67.208,127.339
M02492,alpha,43.338,86.229
M02493,gamma,79.42,123.475
M02494,gamma,83.764,161.763
M02495,gamma,3.564,-4.592
M02496,alpha,58.634,104.406
M02497,alpha,67.335,120.544
M02498,alpha,73.356,138.886
M02499,beta,13.179,35.296
M02500,gamma,85.716,140.414
